priority,urgency,lane,targetType,targetName,expectedFileName,currentStatus,dropFolderRelative,stagingRelativePath,nextAction,businessImpact,safetyStatus
"1","P0","photo_produit_exacte","produit","Pochette organisateur câbles double couche voyage","01-pochette-organisateur-cables-double-couche-voyage-main.webp","missing","business-maxi-trouvailles\depots-photos\depot-photos-sprint-20260612\produits\01-pochette-organisateur-cables-double-couche-voyage","business-maxi-trouvailles\depots-photos\depot-photos-sprint-20260612\produits\01-pochette-organisateur-cables-double-couche-voyage\01-pochette-organisateur-cables-double-couche-voyage-main.webp","Deposer le WebP exact avec ce nom.","bloque la mise en vente propre de la fiche produit","HOLD_PHOTOS_PRODUITS"
"2","P0","photo_produit_exacte","produit","Pochette organisateur câbles double couche voyage","02-pochette-organisateur-cables-double-couche-voyage-detail.webp","missing","business-maxi-trouvailles\depots-photos\depot-photos-sprint-20260612\produits\01-pochette-organisateur-cables-double-couche-voyage","business-maxi-trouvailles\depots-photos\depot-photos-sprint-20260612\produits\01-pochette-organisateur-cables-double-couche-voyage\02-pochette-organisateur-cables-double-couche-voyage-detail.webp","Deposer le WebP exact avec ce nom.","bloque la mise en vente propre de la fiche produit","HOLD_PHOTOS_PRODUITS"
"3","P0","photo_produit_exacte","produit","Pochette organisateur câbles double couche voyage","03-pochette-organisateur-cables-double-couche-voyage-usage.webp","missing","business-maxi-trouvailles\depots-photos\depot-photos-sprint-20260612\produits\01-pochette-organisateur-cables-double-couche-voyage","business-maxi-trouvailles\depots-photos\depot-photos-sprint-20260612\produits\01-pochette-organisateur-cables-double-couche-voyage\03-pochette-organisateur-cables-double-couche-voyage-usage.webp","Deposer le WebP exact avec ce nom.","bloque la mise en vente propre de la fiche produit","HOLD_PHOTOS_PRODUITS"
"4","P0","photo_produit_exacte","produit","Pochette organisateur câbles double couche voyage","04-pochette-organisateur-cables-double-couche-voyage-dimensions.webp","missing","business-maxi-trouvailles\depots-photos\depot-photos-sprint-20260612\produits\01-pochette-organisateur-cables-double-couche-voyage","business-maxi-trouvailles\depots-photos\depot-photos-sprint-20260612\produits\01-pochette-organisateur-cables-double-couche-voyage\04-pochette-organisateur-cables-double-couche-voyage-dimensions.webp","Deposer le WebP exact avec ce nom.","bloque la mise en vente propre de la fiche produit","HOLD_PHOTOS_PRODUITS"
"5","P0","photo_produit_exacte","produit","Support PC portable pliant aluminium ajustable","01-support-pc-portable-pliant-aluminium-ajustable-main.webp","missing","business-maxi-trouvailles\depots-photos\depot-photos-sprint-20260612\produits\02-support-pc-portable-pliant-aluminium-ajustable","business-maxi-trouvailles\depots-photos\depot-photos-sprint-20260612\produits\02-support-pc-portable-pliant-aluminium-ajustable\01-support-pc-portable-pliant-aluminium-ajustable-main.webp","Deposer le WebP exact avec ce nom.","bloque la mise en vente propre de la fiche produit","HOLD_PHOTOS_PRODUITS"
"6","P0","photo_produit_exacte","produit","Support PC portable pliant aluminium ajustable","02-support-pc-portable-pliant-aluminium-ajustable-detail.webp","missing","business-maxi-trouvailles\depots-photos\depot-photos-sprint-20260612\produits\02-support-pc-portable-pliant-aluminium-ajustable","business-maxi-trouvailles\depots-photos\depot-photos-sprint-20260612\produits\02-support-pc-portable-pliant-aluminium-ajustable\02-support-pc-portable-pliant-aluminium-ajustable-detail.webp","Deposer le WebP exact avec ce nom.","bloque la mise en vente propre de la fiche produit","HOLD_PHOTOS_PRODUITS"
"7","P0","photo_produit_exacte","produit","Support PC portable pliant aluminium ajustable","03-support-pc-portable-pliant-aluminium-ajustable-usage.webp","missing","business-maxi-trouvailles\depots-photos\depot-photos-sprint-20260612\produits\02-support-pc-portable-pliant-aluminium-ajustable","business-maxi-trouvailles\depots-photos\depot-photos-sprint-20260612\produits\02-support-pc-portable-pliant-aluminium-ajustable\03-support-pc-portable-pliant-aluminium-ajustable-usage.webp","Deposer le WebP exact avec ce nom.","bloque la mise en vente propre de la fiche produit","HOLD_PHOTOS_PRODUITS"
"8","P0","photo_produit_exacte","produit","Support PC portable pliant aluminium ajustable","04-support-pc-portable-pliant-aluminium-ajustable-dimensions.webp","missing","business-maxi-trouvailles\depots-photos\depot-photos-sprint-20260612\produits\02-support-pc-portable-pliant-aluminium-ajustable","business-maxi-trouvailles\depots-photos\depot-photos-sprint-20260612\produits\02-support-pc-portable-pliant-aluminium-ajustable\04-support-pc-portable-pliant-aluminium-ajustable-dimensions.webp","Deposer le WebP exact avec ce nom.","bloque la mise en vente propre de la fiche produit","HOLD_PHOTOS_PRODUITS"
"9","P1","image_categorie_dropshipping","categorie","High-tech","dropshipping-high-tech.webp","missing","business-maxi-trouvailles\depots-images-categories\depot-images-categories-20260612\categories\01-high-tech-dropshipping-high-tech","business-maxi-trouvailles\depots-images-categories\depot-images-categories-20260612\categories\01-high-tech-dropshipping-high-tech\dropshipping-high-tech.webp","deposer ou corriger le WebP exact dans le dossier depot","ameliore la navigation et le taux de clic categories","HOLD_CATEGORY_IMAGE_INTAKE_REQUIRED"
"10","P1","image_categorie_dropshipping","categorie","Accessoires","dropshipping-accessoires.webp","missing","business-maxi-trouvailles\depots-images-categories\depot-images-categories-20260612\categories\02-accessoires-dropshipping-accessoires","business-maxi-trouvailles\depots-images-categories\depot-images-categories-20260612\categories\02-accessoires-dropshipping-accessoires\dropshipping-accessoires.webp","deposer ou corriger le WebP exact dans le dossier depot","ameliore la navigation et le taux de clic categories","HOLD_CATEGORY_IMAGE_INTAKE_REQUIRED"
"11","P1","image_categorie_dropshipping","categorie","Auto / Moto","dropshipping-auto-moto.webp","missing","business-maxi-trouvailles\depots-images-categories\depot-images-categories-20260612\categories\03-auto-moto-dropshipping-auto-moto","business-maxi-trouvailles\depots-images-categories\depot-images-categories-20260612\categories\03-auto-moto-dropshipping-auto-moto\dropshipping-auto-moto.webp","deposer ou corriger le WebP exact dans le dossier depot","ameliore la navigation et le taux de clic categories","HOLD_CATEGORY_IMAGE_INTAKE_REQUIRED"
"12","P1","image_categorie_dropshipping","categorie","Maison","dropshipping-maison.webp","missing","business-maxi-trouvailles\depots-images-categories\depot-images-categories-20260612\categories\04-maison-dropshipping-maison","business-maxi-trouvailles\depots-images-categories\depot-images-categories-20260612\categories\04-maison-dropshipping-maison\dropshipping-maison.webp","deposer ou corriger le WebP exact dans le dossier depot","ameliore la navigation et le taux de clic categories","HOLD_CATEGORY_IMAGE_INTAKE_REQUIRED"
"13","P1","image_categorie_dropshipping","categorie","Cuisine","dropshipping-cuisine.webp","missing","business-maxi-trouvailles\depots-images-categories\depot-images-categories-20260612\categories\05-cuisine-dropshipping-cuisine","business-maxi-trouvailles\depots-images-categories\depot-images-categories-20260612\categories\05-cuisine-dropshipping-cuisine\dropshipping-cuisine.webp","deposer ou corriger le WebP exact dans le dossier depot","ameliore la navigation et le taux de clic categories","HOLD_CATEGORY_IMAGE_INTAKE_REQUIRED"
"14","P2","image_categorie_dropshipping","categorie","Beauté","dropshipping-beaute.webp","missing","business-maxi-trouvailles\depots-images-categories\depot-images-categories-next-batch-20260612\categories\01-beaute-dropshipping-beaute","business-maxi-trouvailles\depots-images-categories\depot-images-categories-next-batch-20260612\categories\01-beaute-dropshipping-beaute\dropshipping-beaute.webp","deposer ou corriger le WebP exact dans le dossier depot","ameliore la navigation et le taux de clic categories","HOLD_CATEGORY_IMAGE_INTAKE_REQUIRED"
"15","P2","image_categorie_dropshipping","categorie","Animaux","dropshipping-animaux.webp","missing","business-maxi-trouvailles\depots-images-categories\depot-images-categories-next-batch-20260612\categories\02-animaux-dropshipping-animaux","business-maxi-trouvailles\depots-images-categories\depot-images-categories-next-batch-20260612\categories\02-animaux-dropshipping-animaux\dropshipping-animaux.webp","deposer ou corriger le WebP exact dans le dossier depot","ameliore la navigation et le taux de clic categories","HOLD_CATEGORY_IMAGE_INTAKE_REQUIRED"
"16","P2","image_categorie_dropshipping","categorie","Mode","dropshipping-mode.webp","missing","business-maxi-trouvailles\depots-images-categories\depot-images-categories-next-batch-20260612\categories\03-mode-dropshipping-mode","business-maxi-trouvailles\depots-images-categories\depot-images-categories-next-batch-20260612\categories\03-mode-dropshipping-mode\dropshipping-mode.webp","deposer ou corriger le WebP exact dans le dossier depot","ameliore la navigation et le taux de clic categories","HOLD_CATEGORY_IMAGE_INTAKE_REQUIRED"
"17","P2","image_categorie_dropshipping","categorie","Enfant","dropshipping-enfant.webp","missing","business-maxi-trouvailles\depots-images-categories\depot-images-categories-next-batch-20260612\categories\04-enfant-dropshipping-enfant","business-maxi-trouvailles\depots-images-categories\depot-images-categories-next-batch-20260612\categories\04-enfant-dropshipping-enfant\dropshipping-enfant.webp","deposer ou corriger le WebP exact dans le dossier depot","ameliore la navigation et le taux de clic categories","HOLD_CATEGORY_IMAGE_INTAKE_REQUIRED"
