rank,batchLabel,categoryId,categoryName,expectedFileName,intakeStatus,stagingStatus,stagingRelativePath,stagingBytes,stagingWidth,stagingHeight,stagingRatio,blockers,warnings,nextAction,proposedPublicUrl,currentImageUrl
"1","P1 sprint unicite","dropshipping-high-tech","High-tech","dropshipping-high-tech.webp","HOLD_INTAKE_BLOCKED","missing","business-maxi-trouvailles\depots-images-categories\depot-images-categories-20260610\categories\01-high-tech-dropshipping-high-tech\dropshipping-high-tech.webp","0","","","","MISSING_WEBP_IN_DROP_FOLDER","","deposer ou corriger le WebP exact dans le dossier depot","/uploads/category-images/dropshipping-high-tech.webp","/uploads/category-images/high-tech.webp"
"2","P1 sprint unicite","dropshipping-accessoires","Accessoires","dropshipping-accessoires.webp","HOLD_INTAKE_BLOCKED","missing","business-maxi-trouvailles\depots-images-categories\depot-images-categories-20260610\categories\02-accessoires-dropshipping-accessoires\dropshipping-accessoires.webp","0","","","","MISSING_WEBP_IN_DROP_FOLDER","","deposer ou corriger le WebP exact dans le dossier depot","/uploads/category-images/dropshipping-accessoires.webp","/uploads/category-images/accessoires.webp"
"3","P1 sprint unicite","dropshipping-auto-moto","Auto / Moto","dropshipping-auto-moto.webp","HOLD_INTAKE_BLOCKED","missing","business-maxi-trouvailles\depots-images-categories\depot-images-categories-20260610\categories\03-auto-moto-dropshipping-auto-moto\dropshipping-auto-moto.webp","0","","","","MISSING_WEBP_IN_DROP_FOLDER","","deposer ou corriger le WebP exact dans le dossier depot","/uploads/category-images/dropshipping-auto-moto.webp","/uploads/category-images/auto-moto.webp"
"4","P1 sprint unicite","dropshipping-maison","Maison","dropshipping-maison.webp","HOLD_INTAKE_BLOCKED","missing","business-maxi-trouvailles\depots-images-categories\depot-images-categories-20260610\categories\04-maison-dropshipping-maison\dropshipping-maison.webp","0","","","","MISSING_WEBP_IN_DROP_FOLDER","","deposer ou corriger le WebP exact dans le dossier depot","/uploads/category-images/dropshipping-maison.webp","/uploads/category-images/maison.webp"
"5","P1 sprint unicite","dropshipping-cuisine","Cuisine","dropshipping-cuisine.webp","HOLD_INTAKE_BLOCKED","missing","business-maxi-trouvailles\depots-images-categories\depot-images-categories-20260610\categories\05-cuisine-dropshipping-cuisine\dropshipping-cuisine.webp","0","","","","MISSING_WEBP_IN_DROP_FOLDER","","deposer ou corriger le WebP exact dans le dossier depot","/uploads/category-images/dropshipping-cuisine.webp","/uploads/category-images/cuisine.webp"
"6","P2 next batch","dropshipping-beaute","Beauté","dropshipping-beaute.webp","HOLD_INTAKE_BLOCKED","missing","business-maxi-trouvailles\depots-images-categories\depot-images-categories-next-batch-20260610\categories\01-beaute-dropshipping-beaute\dropshipping-beaute.webp","0","","","","MISSING_WEBP_IN_DROP_FOLDER","","deposer ou corriger le WebP exact dans le dossier depot","/uploads/category-images/dropshipping-beaute.webp","/uploads/category-images/beaute-sante.webp"
"7","P2 next batch","dropshipping-animaux","Animaux","dropshipping-animaux.webp","HOLD_INTAKE_BLOCKED","missing","business-maxi-trouvailles\depots-images-categories\depot-images-categories-next-batch-20260610\categories\02-animaux-dropshipping-animaux\dropshipping-animaux.webp","0","","","","MISSING_WEBP_IN_DROP_FOLDER","","deposer ou corriger le WebP exact dans le dossier depot","/uploads/category-images/dropshipping-animaux.webp","/uploads/category-images/animaux.webp"
"8","P2 next batch","dropshipping-mode","Mode","dropshipping-mode.webp","HOLD_INTAKE_BLOCKED","missing","business-maxi-trouvailles\depots-images-categories\depot-images-categories-next-batch-20260610\categories\03-mode-dropshipping-mode\dropshipping-mode.webp","0","","","","MISSING_WEBP_IN_DROP_FOLDER","","deposer ou corriger le WebP exact dans le dossier depot","/uploads/category-images/dropshipping-mode.webp","/uploads/category-images/vetements.webp"
"9","P2 next batch","dropshipping-enfant","Enfant","dropshipping-enfant.webp","HOLD_INTAKE_BLOCKED","missing","business-maxi-trouvailles\depots-images-categories\depot-images-categories-next-batch-20260610\categories\04-enfant-dropshipping-enfant\dropshipping-enfant.webp","0","","","","MISSING_WEBP_IN_DROP_FOLDER","","deposer ou corriger le WebP exact dans le dossier depot","/uploads/category-images/dropshipping-enfant.webp","/uploads/category-images/jouets.webp"
