origin,slug,status,categoryId,dropshippingEnabled,routeShielded,publicReadinessBlockers,name
"src/lib/catalog.ts","palette-mystere-destockage","published","palettes-destockage","false","true","dropshipping_disabled","Palette mystère déstockage"
"src/lib/catalog.ts","colis-surprise-10-kg","published","colis-au-poids","false","true","dropshipping_disabled","Colis surprise 10 kg"
"src/lib/catalog.ts","colis-mystere-premium","published","colis-mysteres","false","true","dropshipping_disabled","Colis mystère premium"
"src/lib/catalog.ts","lot-special-marche","published","lots-bonnes-affaires","false","true","dropshipping_disabled","Lot spécial marché"
"src/lib/catalog.ts","pack-revendeur","draft","espace-revendeur","false","false","dropshipping_disabled","Pack revendeur"
"src/lib/catalog.ts","mini-imprimante-thermique-bluetooth","draft","dropshipping-high-tech","true","false","supplier_url_exact_missing; supplier_sku_missing; exact_images_not_verified; image_rights_not_ready; source_price_not_ready; source_delivery_not_ready; validation_gate_not_ready","Mini imprimante thermique Bluetooth"
"src/lib/catalog.ts","organisateur-cables-voyage-tech","draft","dropshipping-accessoires","true","false","supplier_url_exact_missing; supplier_sku_missing; exact_images_not_verified; image_rights_not_ready; source_price_not_ready; source_delivery_not_ready; validation_gate_not_ready","Organisateur de câbles et accessoires tech"
"src/lib/catalog.ts","projecteur-galaxie-led-ambiance","draft","dropshipping-maison","true","false","supplier_url_exact_missing; supplier_sku_missing; exact_images_not_verified; image_rights_not_ready; source_price_not_ready; source_delivery_not_ready; validation_gate_not_ready","Projecteur galaxie LED pour ambiance"
"src/lib/catalog.ts","mini-aspirateur-voiture-sans-fil","draft","dropshipping-auto-moto","true","false","supplier_url_exact_missing; supplier_sku_missing; exact_images_not_verified; image_rights_not_ready; source_price_not_ready; source_delivery_not_ready; validation_gate_not_ready","Mini aspirateur voiture sans fil"
"src/lib/catalog.ts","pack-decouverte-test","draft","high-tech","false","false","dropshipping_disabled","Pack decouverte test"
"data/quick-products.json","peigne-poils-chat-autonettoyant-pet-hold","draft","dropshipping-animaux","true","false","delivery_estimate_not_ready; image_rights_not_ready; source_price_not_ready; source_delivery_not_ready; validation_gate_not_ready; internal_sourcing_hold","Peigne poils chat autonettoyant"
"data/quick-products.json","gamelle-macaron-chat-chien-anti-choc","draft","dropshipping-animaux","true","false","delivery_estimate_not_ready; image_rights_not_ready; source_price_not_ready; source_delivery_not_ready; validation_gate_not_ready; internal_sourcing_hold","Gamelle macaron chat chien anti-choc"
"data/quick-products.json","sac-banane-sport-etanche-randonnee","draft","dropshipping-accessoires","true","false","delivery_estimate_not_ready; image_rights_not_ready; source_price_not_ready; source_delivery_not_ready; validation_gate_not_ready; internal_sourcing_hold","Sac banane sport étanche randonnée"
"data/quick-products.json","corde-paracorde-camping-randonnee-5-15-30m","draft","dropshipping-accessoires","true","false","delivery_estimate_not_ready; image_rights_not_ready; source_price_not_ready; source_delivery_not_ready; validation_gate_not_ready; internal_sourcing_hold","Corde paracorde camping randonnée 5/15/30 m"
"data/quick-products.json","lampe-velo-usb-rechargeable-affichage-batterie","draft","dropshipping-high-tech","true","false","delivery_estimate_not_ready; image_rights_not_ready; source_price_not_ready; source_delivery_not_ready; validation_gate_not_ready; internal_sourcing_hold","Lampe vélo USB rechargeable affichage batterie"
"data/quick-products.json","ruban-double-face-puissant-maison-promo","draft","dropshipping-maison","true","false","delivery_estimate_not_ready; image_rights_not_ready; source_price_not_ready; source_delivery_not_ready; validation_gate_not_ready; internal_sourcing_hold","Ruban double-face puissant maison promo"
"data/quick-products.json","nano-tape-double-face-salle-de-bain-cuisine","draft","dropshipping-maison","true","false","delivery_estimate_not_ready; image_rights_not_ready; source_price_not_ready; source_delivery_not_ready; validation_gate_not_ready; internal_sourcing_hold","Nano tape double-face salle de bain cuisine"
"data/quick-products.json","support-eponge-evier-inox-auto-adhesif","draft","dropshipping-cuisine","true","false","delivery_estimate_not_ready; image_rights_not_ready; source_price_not_ready; source_delivery_not_ready; validation_gate_not_ready; internal_sourcing_hold","Support éponge évier inox auto-adhésif"
"data/quick-products.json","set-coupe-ongles-manucure-portable-promo","draft","dropshipping-beaute","true","false","delivery_estimate_not_ready; image_rights_not_ready; source_price_not_ready; source_delivery_not_ready; validation_gate_not_ready; internal_sourcing_hold","Set coupe-ongles manucure portable promo"
"data/quick-products.json","tondeuse-t9-barbe-cheveux-promo","draft","dropshipping-beaute","true","false","delivery_estimate_not_ready; image_rights_not_ready; source_price_not_ready; source_delivery_not_ready; validation_gate_not_ready; internal_sourcing_hold","Tondeuse T9 barbe cheveux promo"
"data/quick-products.json","support-telephone-magnetique-voiture-promo","draft","dropshipping-auto-moto","true","false","delivery_estimate_not_ready; image_rights_not_ready; source_price_not_ready; source_delivery_not_ready; validation_gate_not_ready; internal_sourcing_hold","Support téléphone magnétique voiture promo"
"data/quick-products.json","brosse-massage-cuir-chevelu-silicone-best-seller","draft","dropshipping-beaute","true","false","delivery_estimate_not_ready; image_rights_not_ready; source_price_not_ready; source_delivery_not_ready; validation_gate_not_ready; internal_sourcing_hold","Brosse massage cuir chevelu silicone best-seller"
"data/quick-products.json","spray-huile-cuisine-reutilisable-best-seller","draft","dropshipping-cuisine","true","false","delivery_estimate_not_ready; image_rights_not_ready; source_price_not_ready; source_delivery_not_ready; validation_gate_not_ready; internal_sourcing_hold","Spray huile cuisine réutilisable best-seller"
"data/quick-products.json","papier-cuisson-air-fryer-promo-lot","draft","dropshipping-cuisine","true","false","delivery_estimate_not_ready; image_rights_not_ready; source_price_not_ready; source_delivery_not_ready; validation_gate_not_ready; internal_sourcing_hold","Papier cuisson air fryer lot promo"
"data/quick-products.json","support-mural-balai-serpillere-4-crochets","draft","dropshipping-maison","true","false","delivery_estimate_not_ready; image_rights_not_ready; source_price_not_ready; source_delivery_not_ready; validation_gate_not_ready; internal_sourcing_hold","Support mural balai et serpillère 4 crochets"
"data/quick-products.json","sac-lavage-chaussures-machine-best-seller","draft","dropshipping-maison","true","false","delivery_estimate_not_ready; image_rights_not_ready; source_price_not_ready; source_delivery_not_ready; validation_gate_not_ready; internal_sourcing_hold","Sac lavage chaussures machine best-seller"
"data/quick-products.json","trousse-maquillage-voyage-transparente-best-seller","draft","dropshipping-mode","true","false","delivery_estimate_not_ready; image_rights_not_ready; source_price_not_ready; source_delivery_not_ready; validation_gate_not_ready; internal_sourcing_hold","Trousse maquillage voyage transparente best-seller"
"data/quick-products.json","sac-voyage-pliable-cabine-leger","draft","dropshipping-mode","true","false","delivery_estimate_not_ready; image_rights_not_ready; source_price_not_ready; source_delivery_not_ready; validation_gate_not_ready; internal_sourcing_hold","Sac voyage pliable cabine léger"
"data/quick-products.json","machine-bulles-automatique-enfant-exterieur","draft","dropshipping-enfant","true","false","delivery_estimate_not_ready; image_rights_not_ready; source_price_not_ready; source_delivery_not_ready; validation_gate_not_ready; internal_sourcing_hold","Machine à bulles automatique enfant extérieur"
"data/quick-products.json","avion-mousse-lanceur-enfant-jeu-exterieur","draft","dropshipping-enfant","true","false","delivery_estimate_not_ready; image_rights_not_ready; source_price_not_ready; source_delivery_not_ready; validation_gate_not_ready; internal_sourcing_hold","Avion mousse avec lanceur jeu extérieur"
"data/quick-products.json","serviette-microfibre-auto-detailing-promo","draft","dropshipping-auto-moto","true","false","delivery_estimate_not_ready; image_rights_not_ready; source_price_not_ready; source_delivery_not_ready; validation_gate_not_ready; internal_sourcing_hold","Serviette microfibre auto detailing promo"
"data/quick-products.json","cable-usb-c-240w-renforce-best-seller","draft","dropshipping-high-tech","true","false","delivery_estimate_not_ready; image_rights_not_ready; source_price_not_ready; source_delivery_not_ready; validation_gate_not_ready; internal_sourcing_hold","Câble USB-C 240W renforcé best-seller"
"data/quick-products.json","organisateur-cables-1-5m-bureau-best-seller","draft","dropshipping-accessoires","true","false","delivery_estimate_not_ready; image_rights_not_ready; source_price_not_ready; source_delivery_not_ready; validation_gate_not_ready; internal_sourcing_hold","Organisateur câbles 1/5 m bureau best-seller"
"data/quick-products.json","support-telephone-voiture-360-partenaire","draft","dropshipping-auto-moto","true","false","delivery_estimate_not_ready; image_rights_not_ready; source_price_not_ready; source_delivery_not_ready; validation_gate_missing; internal_sourcing_hold","Support téléphone voiture flexible à ventouse 360°"
"data/quick-products.json","lampe-led-detection-mouvement-usb-rechargeable","draft","dropshipping-maison","true","false","delivery_estimate_not_ready; image_rights_not_ready; source_price_not_ready; source_delivery_not_ready; validation_gate_missing; internal_sourcing_hold","Lampe LED à détection de mouvement USB rechargeable"
"data/quick-products.json","brosse-anti-poils-animaux-reutilisable","draft","dropshipping-animaux","true","false","delivery_estimate_not_ready; image_rights_not_ready; source_price_not_ready; source_delivery_not_ready; validation_gate_missing; internal_sourcing_hold","Brosse anti-poils animaux 4-en-1 réutilisable"
"data/quick-products.json","support-pc-portable-pliant-aluminium-ajustable","draft","dropshipping-high-tech","true","false","delivery_estimate_not_ready; image_rights_not_ready; source_price_not_ready; source_delivery_not_ready; validation_gate_missing; internal_sourcing_hold","Support PC portable pliant aluminium ajustable"
"data/quick-products.json","sacs-rangement-sous-vide-voyage-grand-volume","draft","dropshipping-accessoires","true","false","supplier_url_exact_missing; image_rights_not_ready; source_price_not_ready; source_delivery_not_ready; validation_gate_missing; internal_sourcing_hold","Sacs rangement sous vide grand volume voyage"
"data/quick-products.json","mini-humidificateur-usb-rechargeable-268ml","draft","dropshipping-maison","true","false","supplier_url_exact_missing; image_rights_not_ready; source_price_not_ready; source_delivery_not_ready; validation_gate_missing; internal_sourcing_hold","Mini humidificateur USB rechargeable 268 ml"
"data/quick-products.json","pochette-organisateur-cables-double-couche-voyage","draft","dropshipping-accessoires","true","false","delivery_estimate_not_ready; image_rights_not_ready; source_price_not_ready; source_delivery_not_ready; validation_gate_missing; internal_sourcing_hold","Pochette organisateur câbles double couche voyage"
"data/quick-products.json","gourde-pliable-silicone-voyage-mousqueton","draft","dropshipping-accessoires","true","false","image_rights_not_ready; source_price_not_ready; source_delivery_not_ready; validation_gate_missing; internal_sourcing_hold","Gourde pliable silicone voyage avec mousqueton"
"data/quick-products.json","tapis-silicone-anti-eclaboussures-robinet-evier","draft","dropshipping-cuisine","true","false","image_rights_not_ready; source_price_not_ready; source_delivery_not_ready; validation_gate_missing; internal_sourcing_hold","Tapis silicone anti-éclaboussures robinet évier"
"data/quick-products.json","filet-rangement-coffre-voiture-sangles-fixes","draft","dropshipping-auto-moto","true","false","image_rights_not_ready; source_price_not_ready; source_delivery_not_ready; validation_gate_missing; internal_sourcing_hold","Filet rangement coffre voiture à sangles fixes"
"data/quick-products.json","double-prise-murale-avec-4-ports-usb-mosbs4s8","draft","electricite","false","false","dropshipping_disabled","Double prise murale avec 4 ports USB"
"data/quick-products.json","pave-tactile-macbook-piece-detachee-a-verifier-mosbs4s2","draft","informatique","false","false","dropshipping_disabled","Pavé tactile MacBook - pièce à vérifier"
"data/quick-products.json","ventilateur-tour-de-cou-rechargeable-usb-mosbs4rw","draft","high-tech","false","false","dropshipping_disabled","Ventilateur tour de cou rechargeable USB"
"data/quick-products.json","compteur-energie-wifi-ketotek-63a-mosbs4rq","draft","electricite","false","false","dropshipping_disabled","Compteur d’énergie WiFi KETOTEK 63A"
"data/quick-products.json","filtre-de-douche-chrome-universel-mosbs4rk","draft","maison","false","false","dropshipping_disabled","Filtre de douche chromé universel"
"data/quick-products.json","cassette-velo-sunrace-a-verifier-mosbs4re","draft","sport-loisirs","false","false","dropshipping_disabled","Cassette vélo SunRace - compatibilité à vérifier"
"data/quick-products.json","systeme-d-alerte-sos-wifi-avec-2-boutons-mosbs4r7","draft","beaute-sante","false","false","dropshipping_disabled","Système d’alerte SOS WiFi avec 2 boutons"
"data/quick-products.json","kit-habillage-console-centrale-effet-carbone-mosbs4r1","draft","auto-moto","false","false","dropshipping_disabled","Kit habillage console centrale effet carbone"
"data/quick-products.json","regulateur-d-alternateur-are4011-12v-mosbs4qv","draft","auto-moto","false","false","dropshipping_disabled","Régulateur d’alternateur ARE4011 12V"
"data/quick-products.json","compteur-gps-85-mm-0-125-km-h-mosbs4qo","draft","auto-moto","false","false","dropshipping_disabled","Compteur GPS 85 mm 0-125 km/h"
"data/quick-products.json","carburateur-type-pwk-avec-durite-et-gicleurs-mosbs4qh","draft","auto-moto","false","false","dropshipping_disabled","Carburateur type PWK avec durite et gicleurs"
"data/quick-products.json","poche-de-froid-epaule-revix-reusable-mosbs4qa","draft","beaute-sante","false","false","dropshipping_disabled","Poche de froid épaule Revix réutilisable"
"data/quick-products.json","accoudoir-central-voiture-avec-rangements-usb-mosbs4q3","draft","auto-moto","false","false","dropshipping_disabled","Accoudoir central voiture avec rangements USB"
"data/quick-products.json","paire-de-supports-reglables-pour-coffre-voiture-mosbs4ou","draft","auto-moto","false","false","dropshipping_disabled","Supports réglables pour coffre voiture - paire"
"data/quick-products.json","carburateur-chinaroller-4t-50ccm-euro4-alpha-motors-firenze-50-euro-4-no-mosapzlb","draft","auto-moto","false","false","dropshipping_disabled","Carburateur scooter 4T 50cc Euro 4 - à vérifier"
"data/quick-products.json","filtre-a-eau-robinet-acier-inoxydable-13-etapes-purificateur-eau-uv-sans-mosaovw7","draft","maison","false","false","dropshipping_disabled","Filtre robinet inox 13 étapes avec LED"
"data/quick-products.json","plafonnier-led-3-spots-orientables-blanc-gu10-mosanbie","draft","electricite","false","false","dropshipping_disabled","Plafonnier LED 3 spots orientables blanc GU10"
"data/quick-products.json","applique-murale-led-doree-eclairage-tricolore-mon3huua","draft","electricite","false","false","dropshipping_disabled","Applique murale LED dorée tricolore"
"data/quick-products.json","controleur-led-programmable-5-canaux-rgb-rgbw-12v-24v-20a-mon3gmwy","draft","electricite","false","false","dropshipping_disabled","Contrôleur LED RGB/RGBW 5 canaux 12V/24V"
"data/quick-products.json","interrupteur-d-eclairage-bouton-de-lampe-antibrouillard-pour-interrupteu-mon19itu","draft","auto-moto","false","false","dropshipping_disabled","Interrupteur de phares chrome compatible Golf MK5/MK6"
"data/quick-products.json","tapis-educateurs-pour-chiot-lot-entame-env-80-90-restants-mon182ip","draft","animaux","false","false","dropshipping_disabled","Tapis éducateurs pour chiot - lot entamé"
"data/quick-products.json","raquette-tennis-babolat-roland-garros-pulse-housse-mon173kw","draft","sport-loisirs","false","false","dropshipping_disabled","Raquettes tennis Babolat Roland Garros Pulse avec housse"
"data/quick-products.json","tete-de-mannequin-aimantee-mon0qddz","draft","mannequins-bustes","false","false","dropshipping_disabled","Lot de têtes de mannequin aimantées"
"data/quick-products.json","mannequin-tete-vitrine-test-mon0kb45","draft","mannequins-bustes","false","false","dropshipping_disabled","Buste mannequin vitrine - à vérifier"
"data/quick-products.json","boite-rangement-cables-bureau-partenaire-hold","draft","dropshipping-accessoires","true","false","supplier_url_exact_missing; supplier_sku_missing; supplier_price_missing; margin_missing; supplier_stock_missing; delivery_estimate_not_ready; exact_images_not_verified; image_rights_not_ready; source_price_not_ready; source_delivery_not_ready; validation_gate_not_ready; internal_sourcing_hold","Boite rangement cables bureau"
"data/quick-products.json","support-telephone-voiture-ventouse-partenaire-hold","draft","dropshipping-auto-moto","true","false","supplier_url_exact_missing; supplier_sku_missing; supplier_price_missing; margin_missing; supplier_stock_missing; delivery_estimate_not_ready; exact_images_not_verified; image_rights_not_ready; source_price_not_ready; source_delivery_not_ready; validation_gate_not_ready; internal_sourcing_hold","Support telephone voiture ventouse"
"data/quick-products.json","lampe-led-placard-rechargeable-partenaire-hold","draft","dropshipping-maison","true","false","supplier_url_exact_missing; supplier_sku_missing; supplier_price_missing; margin_missing; supplier_stock_missing; delivery_estimate_not_ready; exact_images_not_verified; image_rights_not_ready; source_price_not_ready; source_delivery_not_ready; validation_gate_not_ready; internal_sourcing_hold","Lampe LED placard rechargeable"
"data/quick-products.json","rouleau-adhesif-poils-animaux-lavable-partenaire-hold","draft","dropshipping-animaux","true","false","supplier_url_exact_missing; supplier_sku_missing; supplier_price_missing; margin_missing; supplier_stock_missing; delivery_estimate_not_ready; exact_images_not_verified; image_rights_not_ready; source_price_not_ready; source_delivery_not_ready; validation_gate_not_ready; internal_sourcing_hold","Rouleau adhesif poils animaux lavable"
"data/quick-products.json","organisateur-tiroir-cuisine-extensible-partenaire-hold","draft","dropshipping-cuisine","true","false","supplier_url_exact_missing; supplier_sku_missing; supplier_price_missing; margin_missing; supplier_stock_missing; delivery_estimate_not_ready; exact_images_not_verified; image_rights_not_ready; source_price_not_ready; source_delivery_not_ready; validation_gate_not_ready; internal_sourcing_hold","Organisateur tiroir cuisine extensible"
"data/quick-products.json","brosse-nettoyage-joints-cuisine-partenaire-hold","draft","dropshipping-cuisine","true","false","supplier_url_exact_missing; supplier_sku_missing; supplier_price_missing; margin_missing; supplier_stock_missing; delivery_estimate_not_ready; exact_images_not_verified; image_rights_not_ready; source_price_not_ready; source_delivery_not_ready; validation_gate_not_ready; internal_sourcing_hold","Brosse nettoyage joints cuisine"
"data/quick-products.json","sacs-compression-voyage-lot-partenaire-hold","draft","dropshipping-accessoires","true","false","supplier_url_exact_missing; supplier_sku_missing; supplier_price_missing; margin_missing; supplier_stock_missing; delivery_estimate_not_ready; exact_images_not_verified; image_rights_not_ready; source_price_not_ready; source_delivery_not_ready; validation_gate_not_ready; internal_sourcing_hold","Sacs compression voyage lot"
"data/quick-products.json","mini-humidificateur-usb-bureau-partenaire-hold","draft","dropshipping-high-tech","true","false","supplier_url_exact_missing; supplier_sku_missing; supplier_price_missing; margin_missing; supplier_stock_missing; delivery_estimate_not_ready; exact_images_not_verified; image_rights_not_ready; source_price_not_ready; source_delivery_not_ready; validation_gate_not_ready; internal_sourcing_hold","Mini humidificateur USB bureau"
"data/quick-products.json","protege-coins-silicone-enfant-partenaire-hold","draft","dropshipping-enfant","true","false","supplier_url_exact_missing; supplier_sku_missing; supplier_price_missing; margin_missing; supplier_stock_missing; delivery_estimate_not_ready; exact_images_not_verified; image_rights_not_ready; source_price_not_ready; source_delivery_not_ready; validation_gate_not_ready; internal_sourcing_hold","Protege coins silicone enfant"
"data/quick-products.json","gourde-chien-voyage-anti-fuite-partenaire-hold","draft","dropshipping-animaux","true","false","supplier_url_exact_missing; supplier_sku_missing; supplier_price_missing; margin_missing; supplier_stock_missing; delivery_estimate_not_ready; exact_images_not_verified; image_rights_not_ready; source_price_not_ready; source_delivery_not_ready; validation_gate_not_ready; internal_sourcing_hold","Gourde chien voyage anti fuite"
"data/quick-products.json","attaches-cables-velcro-lot-partenaire-hold","draft","dropshipping-accessoires","true","false","supplier_url_exact_missing; supplier_sku_missing; supplier_price_missing; margin_missing; supplier_stock_missing; delivery_estimate_not_ready; exact_images_not_verified; image_rights_not_ready; source_price_not_ready; source_delivery_not_ready; validation_gate_not_ready; internal_sourcing_hold","Attaches cables velcro lot"
"data/quick-products.json","sac-rangement-chaussures-voyage-partenaire-hold","draft","dropshipping-mode","true","false","supplier_url_exact_missing; supplier_sku_missing; supplier_price_missing; margin_missing; supplier_stock_missing; delivery_estimate_not_ready; exact_images_not_verified; image_rights_not_ready; source_price_not_ready; source_delivery_not_ready; validation_gate_not_ready; internal_sourcing_hold","Sac rangement chaussures voyage"
"data/quick-products.json","miroir-maquillage-led-compact-partenaire-hold","draft","dropshipping-beaute","true","false","supplier_url_exact_missing; supplier_sku_missing; supplier_price_missing; margin_missing; supplier_stock_missing; delivery_estimate_not_ready; exact_images_not_verified; image_rights_not_ready; source_price_not_ready; source_delivery_not_ready; validation_gate_not_ready; internal_sourcing_hold","Miroir maquillage LED compact"
"data/quick-products.json","bandeau-skincare-microfibre-partenaire-hold","draft","dropshipping-beaute","true","false","supplier_url_exact_missing; supplier_sku_missing; supplier_price_missing; margin_missing; supplier_stock_missing; delivery_estimate_not_ready; exact_images_not_verified; image_rights_not_ready; source_price_not_ready; source_delivery_not_ready; validation_gate_not_ready; internal_sourcing_hold","Bandeau skincare microfibre"
"data/quick-products.json","organisateur-maquillage-transparent-partenaire-hold","draft","dropshipping-beaute","true","false","supplier_url_exact_missing; supplier_sku_missing; supplier_price_missing; margin_missing; supplier_stock_missing; delivery_estimate_not_ready; exact_images_not_verified; image_rights_not_ready; source_price_not_ready; source_delivery_not_ready; validation_gate_not_ready; internal_sourcing_hold","Organisateur maquillage transparent"
"data/quick-products.json","housse-protection-canape-animal-partenaire-hold","draft","dropshipping-maison","true","false","supplier_url_exact_missing; supplier_sku_missing; supplier_price_missing; margin_missing; supplier_stock_missing; delivery_estimate_not_ready; exact_images_not_verified; image_rights_not_ready; source_price_not_ready; source_delivery_not_ready; validation_gate_not_ready; internal_sourcing_hold","Housse protection canape animal"
"data/quick-products.json","tapis-egouttoir-vaisselle-microfibre-partenaire-hold","draft","dropshipping-cuisine","true","false","supplier_url_exact_missing; supplier_sku_missing; supplier_price_missing; margin_missing; supplier_stock_missing; delivery_estimate_not_ready; exact_images_not_verified; image_rights_not_ready; source_price_not_ready; source_delivery_not_ready; validation_gate_not_ready; internal_sourcing_hold","Tapis egouttoir vaisselle microfibre"
"data/quick-products.json","etagere-douche-angle-adhesive-partenaire-hold","draft","dropshipping-maison","true","false","supplier_url_exact_missing; supplier_sku_missing; supplier_price_missing; margin_missing; supplier_stock_missing; delivery_estimate_not_ready; exact_images_not_verified; image_rights_not_ready; source_price_not_ready; source_delivery_not_ready; validation_gate_not_ready; internal_sourcing_hold","Etagere douche angle adhesive"
"data/quick-products.json","sac-repas-isotherme-pliable-partenaire-hold","draft","dropshipping-accessoires","true","false","supplier_url_exact_missing; supplier_sku_missing; supplier_price_missing; margin_missing; supplier_stock_missing; delivery_estimate_not_ready; exact_images_not_verified; image_rights_not_ready; source_price_not_ready; source_delivery_not_ready; validation_gate_not_ready; internal_sourcing_hold","Sac repas isotherme pliable"
"data/quick-products.json","mini-pompe-air-usb-voyage-partenaire-hold","draft","dropshipping-high-tech","true","false","supplier_url_exact_missing; supplier_sku_missing; supplier_price_missing; margin_missing; supplier_stock_missing; delivery_estimate_not_ready; exact_images_not_verified; image_rights_not_ready; source_price_not_ready; source_delivery_not_ready; validation_gate_not_ready; internal_sourcing_hold","Mini pompe air USB voyage"
"data/quick-products.json","tapis-souris-ergonomique-repose-poignet-partenaire-hold","draft","dropshipping-accessoires","true","false","supplier_url_exact_missing; supplier_sku_missing; supplier_price_missing; margin_missing; supplier_stock_missing; delivery_estimate_not_ready; exact_images_not_verified; image_rights_not_ready; source_price_not_ready; source_delivery_not_ready; validation_gate_not_ready; internal_sourcing_hold","Tapis souris ergonomique repose poignet"
"data/quick-products.json","brosse-chaussures-nettoyage-3-en-1-partenaire-hold","draft","dropshipping-mode","true","false","supplier_url_exact_missing; supplier_sku_missing; supplier_price_missing; margin_missing; supplier_stock_missing; delivery_estimate_not_ready; exact_images_not_verified; image_rights_not_ready; source_price_not_ready; source_delivery_not_ready; validation_gate_not_ready; internal_sourcing_hold","Brosse chaussures nettoyage 3 en 1"
"data/quick-products.json","diffuseur-voiture-clip-ventilation-partenaire-hold","draft","dropshipping-auto-moto","true","false","supplier_url_exact_missing; supplier_sku_missing; supplier_price_missing; margin_missing; supplier_stock_missing; delivery_estimate_not_ready; exact_images_not_verified; image_rights_not_ready; source_price_not_ready; source_delivery_not_ready; validation_gate_not_ready; internal_sourcing_hold","Diffuseur voiture clip ventilation"
"data/quick-products.json","filet-rangement-jouets-bain-enfant-partenaire-hold","draft","dropshipping-enfant","true","false","supplier_url_exact_missing; supplier_sku_missing; supplier_price_missing; margin_missing; supplier_stock_missing; delivery_estimate_not_ready; exact_images_not_verified; image_rights_not_ready; source_price_not_ready; source_delivery_not_ready; validation_gate_not_ready; internal_sourcing_hold","Filet rangement jouets bain enfant"
"data/quick-products.json","porte-savon-drainant-silicone-partenaire-hold","draft","dropshipping-maison","true","false","supplier_url_exact_missing; supplier_sku_missing; supplier_price_missing; margin_missing; supplier_stock_missing; delivery_estimate_not_ready; exact_images_not_verified; image_rights_not_ready; source_price_not_ready; source_delivery_not_ready; validation_gate_not_ready; internal_sourcing_hold","Porte savon drainant silicone"
"data/quick-products.json","brosse-bouteille-flexible-partenaire-hold","draft","dropshipping-cuisine","true","false","supplier_url_exact_missing; supplier_sku_missing; supplier_price_missing; margin_missing; supplier_stock_missing; delivery_estimate_not_ready; exact_images_not_verified; image_rights_not_ready; source_price_not_ready; source_delivery_not_ready; validation_gate_not_ready; internal_sourcing_hold","Brosse bouteille flexible"
"data/quick-products.json","organisateur-sac-a-main-feutre-partenaire-hold","draft","dropshipping-mode","true","false","supplier_url_exact_missing; supplier_sku_missing; supplier_price_missing; margin_missing; supplier_stock_missing; delivery_estimate_not_ready; exact_images_not_verified; image_rights_not_ready; source_price_not_ready; source_delivery_not_ready; validation_gate_not_ready; internal_sourcing_hold","Organisateur sac a main feutre"
"data/quick-products.json","pelle-litiere-chat-avec-support-partenaire-hold","draft","dropshipping-animaux","true","false","supplier_url_exact_missing; supplier_sku_missing; supplier_price_missing; margin_missing; supplier_stock_missing; delivery_estimate_not_ready; exact_images_not_verified; image_rights_not_ready; source_price_not_ready; source_delivery_not_ready; validation_gate_not_ready; internal_sourcing_hold","Pelle litiere chat avec support"
"data/quick-products.json","coussinets-meubles-anti-rayures-lot-partenaire-hold","draft","dropshipping-maison","true","false","supplier_url_exact_missing; supplier_sku_missing; supplier_price_missing; margin_missing; supplier_stock_missing; delivery_estimate_not_ready; exact_images_not_verified; image_rights_not_ready; source_price_not_ready; source_delivery_not_ready; validation_gate_not_ready; internal_sourcing_hold","Coussinets meubles anti rayures lot"
"data/quick-products.json","range-epices-adhesif-cuisine-partenaire-hold","draft","dropshipping-cuisine","true","false","supplier_url_exact_missing; supplier_sku_missing; supplier_price_missing; margin_missing; supplier_stock_missing; delivery_estimate_not_ready; exact_images_not_verified; image_rights_not_ready; source_price_not_ready; source_delivery_not_ready; validation_gate_not_ready; internal_sourcing_hold","Range epices adhesif cuisine"
"data/quick-products.json","support-tablette-lit-canape-partenaire-hold","draft","dropshipping-high-tech","true","false","supplier_url_exact_missing; supplier_sku_missing; supplier_price_missing; margin_missing; supplier_stock_missing; delivery_estimate_not_ready; exact_images_not_verified; image_rights_not_ready; source_price_not_ready; source_delivery_not_ready; validation_gate_not_ready; internal_sourcing_hold","Support tablette lit canape"
"data/quick-products.json","trousse-toilette-suspendue-voyage-partenaire-hold","draft","dropshipping-accessoires","true","false","supplier_url_exact_missing; supplier_sku_missing; supplier_price_missing; margin_missing; supplier_stock_missing; delivery_estimate_not_ready; exact_images_not_verified; image_rights_not_ready; source_price_not_ready; source_delivery_not_ready; validation_gate_not_ready; internal_sourcing_hold","Trousse toilette suspendue voyage"
"data/quick-products.json","bouchons-evier-silicone-lot-partenaire-hold","draft","dropshipping-cuisine","true","false","supplier_url_exact_missing; supplier_sku_missing; supplier_price_missing; margin_missing; supplier_stock_missing; delivery_estimate_not_ready; exact_images_not_verified; image_rights_not_ready; source_price_not_ready; source_delivery_not_ready; validation_gate_not_ready; internal_sourcing_hold","Bouchons evier silicone lot"
"data/quick-products.json","organisateur-telecommande-canape-partenaire-hold","draft","dropshipping-maison","true","false","supplier_url_exact_missing; supplier_sku_missing; supplier_price_missing; margin_missing; supplier_stock_missing; delivery_estimate_not_ready; exact_images_not_verified; image_rights_not_ready; source_price_not_ready; source_delivery_not_ready; validation_gate_not_ready; internal_sourcing_hold","Organisateur telecommande canape"
"data/quick-products.json","sangle-valise-ajustable-voyage-partenaire-hold","draft","dropshipping-accessoires","true","false","supplier_url_exact_missing; supplier_sku_missing; supplier_price_missing; margin_missing; supplier_stock_missing; delivery_estimate_not_ready; exact_images_not_verified; image_rights_not_ready; source_price_not_ready; source_delivery_not_ready; validation_gate_not_ready; internal_sourcing_hold","Sangle valise ajustable voyage"
"data/quick-products.json","peigne-demelage-animaux-double-face-partenaire-hold","draft","dropshipping-animaux","true","false","supplier_url_exact_missing; supplier_sku_missing; supplier_price_missing; margin_missing; supplier_stock_missing; delivery_estimate_not_ready; exact_images_not_verified; image_rights_not_ready; source_price_not_ready; source_delivery_not_ready; validation_gate_not_ready; internal_sourcing_hold","Peigne demelage animaux double face"
"data/quick-products.json","boite-a-the-compartiments-bambou-partenaire-hold","draft","dropshipping-cuisine","true","false","supplier_url_exact_missing; supplier_sku_missing; supplier_price_missing; margin_missing; supplier_stock_missing; delivery_estimate_not_ready; exact_images_not_verified; image_rights_not_ready; source_price_not_ready; source_delivery_not_ready; validation_gate_not_ready; internal_sourcing_hold","Boite a the compartiments bambou"
"data/quick-products.json","porte-cles-mural-adhesif-partenaire-hold","draft","dropshipping-maison","true","false","supplier_url_exact_missing; supplier_sku_missing; supplier_price_missing; margin_missing; supplier_stock_missing; delivery_estimate_not_ready; exact_images_not_verified; image_rights_not_ready; source_price_not_ready; source_delivery_not_ready; validation_gate_not_ready; internal_sourcing_hold","Porte cles mural adhesif"
"data/quick-products.json","tapis-repas-chat-silicone-partenaire-hold","draft","dropshipping-animaux","true","false","supplier_url_exact_missing; supplier_sku_missing; supplier_price_missing; margin_missing; supplier_stock_missing; delivery_estimate_not_ready; exact_images_not_verified; image_rights_not_ready; source_price_not_ready; source_delivery_not_ready; validation_gate_not_ready; internal_sourcing_hold","Tapis repas chat silicone"
"data/quick-products.json","support-casque-bureau-adhesif-partenaire-hold","draft","dropshipping-accessoires","true","false","supplier_url_exact_missing; supplier_sku_missing; supplier_price_missing; margin_missing; supplier_stock_missing; delivery_estimate_not_ready; exact_images_not_verified; image_rights_not_ready; source_price_not_ready; source_delivery_not_ready; validation_gate_not_ready; internal_sourcing_hold","Support casque bureau adhesif"
"data/quick-products.json","organisateur-frigo-transparent-partenaire-hold","draft","dropshipping-cuisine","true","false","supplier_url_exact_missing; supplier_sku_missing; supplier_price_missing; margin_missing; supplier_stock_missing; delivery_estimate_not_ready; exact_images_not_verified; image_rights_not_ready; source_price_not_ready; source_delivery_not_ready; validation_gate_not_ready; internal_sourcing_hold","Organisateur frigo transparent"
"data/quick-products.json","brosse-ventilation-voiture-partenaire-hold","draft","dropshipping-auto-moto","true","false","supplier_url_exact_missing; supplier_sku_missing; supplier_price_missing; margin_missing; supplier_stock_missing; delivery_estimate_not_ready; exact_images_not_verified; image_rights_not_ready; source_price_not_ready; source_delivery_not_ready; validation_gate_not_ready; internal_sourcing_hold","Brosse ventilation voiture"
"data/quick-products.json","pochette-cable-voyage-electronique-partenaire-hold","draft","dropshipping-accessoires","true","false","supplier_url_exact_missing; supplier_sku_missing; supplier_price_missing; margin_missing; supplier_stock_missing; delivery_estimate_not_ready; exact_images_not_verified; image_rights_not_ready; source_price_not_ready; source_delivery_not_ready; validation_gate_not_ready; internal_sourcing_hold","Pochette cable voyage electronique"
"data/quick-products.json","support-ordinateur-portable-pliable-partenaire-hold","draft","dropshipping-high-tech","true","false","supplier_url_exact_missing; supplier_sku_missing; supplier_price_missing; margin_missing; supplier_stock_missing; delivery_estimate_not_ready; exact_images_not_verified; image_rights_not_ready; source_price_not_ready; source_delivery_not_ready; validation_gate_not_ready; internal_sourcing_hold","Support ordinateur portable pliable"
"data/quick-products.json","mini-balai-table-ramasse-miettes-partenaire-hold","draft","dropshipping-cuisine","true","false","supplier_url_exact_missing; supplier_sku_missing; supplier_price_missing; margin_missing; supplier_stock_missing; delivery_estimate_not_ready; exact_images_not_verified; image_rights_not_ready; source_price_not_ready; source_delivery_not_ready; validation_gate_not_ready; internal_sourcing_hold","Mini balai table ramasse miettes"
"data/quick-products.json","boite-rangement-medicaments-vide-partenaire-hold","draft","dropshipping-maison","true","false","supplier_url_exact_missing; supplier_sku_missing; supplier_price_missing; margin_missing; supplier_stock_missing; delivery_estimate_not_ready; exact_images_not_verified; image_rights_not_ready; source_price_not_ready; source_delivery_not_ready; validation_gate_not_ready; internal_sourcing_hold","Boite rangement medicaments vide"
"data/quick-products.json","sac-filet-linge-delicat-lot-partenaire-hold","draft","dropshipping-maison","true","false","supplier_url_exact_missing; supplier_sku_missing; supplier_price_missing; margin_missing; supplier_stock_missing; delivery_estimate_not_ready; exact_images_not_verified; image_rights_not_ready; source_price_not_ready; source_delivery_not_ready; validation_gate_not_ready; internal_sourcing_hold","Sac filet linge delicat lot"
"data/quick-products.json","cache-multiprise-boite-rangement-cables-partenaire-hold","draft","dropshipping-accessoires","true","false","supplier_url_exact_missing; supplier_sku_missing; supplier_price_missing; margin_missing; supplier_stock_missing; delivery_estimate_not_ready; exact_images_not_verified; image_rights_not_ready; source_price_not_ready; source_delivery_not_ready; validation_gate_not_ready; internal_sourcing_hold","Cache multiprise boite rangement cables"
"data/quick-products.json","grattoir-vitroceramique-cuisine-partenaire-hold","draft","dropshipping-cuisine","true","false","supplier_url_exact_missing; supplier_sku_missing; supplier_price_missing; margin_missing; supplier_stock_missing; delivery_estimate_not_ready; exact_images_not_verified; image_rights_not_ready; source_price_not_ready; source_delivery_not_ready; validation_gate_not_ready; internal_sourcing_hold","Grattoir vitroceramique cuisine"
"data/quick-products.json","organisateur-coffre-voiture-pliable-partenaire-hold","draft","dropshipping-auto-moto","true","false","supplier_url_exact_missing; supplier_sku_missing; supplier_price_missing; margin_missing; supplier_stock_missing; delivery_estimate_not_ready; exact_images_not_verified; image_rights_not_ready; source_price_not_ready; source_delivery_not_ready; validation_gate_not_ready; internal_sourcing_hold","Organisateur coffre voiture pliable"
"data/quick-products.json","porte-brosse-a-dents-adhesif-partenaire-hold","draft","dropshipping-maison","true","false","supplier_url_exact_missing; supplier_sku_missing; supplier_price_missing; margin_missing; supplier_stock_missing; delivery_estimate_not_ready; exact_images_not_verified; image_rights_not_ready; source_price_not_ready; source_delivery_not_ready; validation_gate_not_ready; internal_sourcing_hold","Porte brosse a dents adhesif"
"data/quick-products.json","trousse-premiers-soins-vide-voyage-partenaire-hold","draft","dropshipping-accessoires","true","false","supplier_url_exact_missing; supplier_sku_missing; supplier_price_missing; margin_missing; supplier_stock_missing; delivery_estimate_not_ready; exact_images_not_verified; image_rights_not_ready; source_price_not_ready; source_delivery_not_ready; validation_gate_not_ready; internal_sourcing_hold","Trousse premiers soins vide voyage"
"data/quick-products.json","gant-brossage-animaux-silicone-partenaire-hold","draft","dropshipping-animaux","true","false","supplier_url_exact_missing; supplier_sku_missing; supplier_price_missing; margin_missing; supplier_stock_missing; delivery_estimate_not_ready; exact_images_not_verified; image_rights_not_ready; source_price_not_ready; source_delivery_not_ready; validation_gate_not_ready; internal_sourcing_hold","Gant brossage animaux silicone"
"data/quick-products.json","support-eponges-evier-ventouse-partenaire-hold","draft","dropshipping-cuisine","true","false","supplier_url_exact_missing; supplier_sku_missing; supplier_price_missing; margin_missing; supplier_stock_missing; delivery_estimate_not_ready; exact_images_not_verified; image_rights_not_ready; source_price_not_ready; source_delivery_not_ready; validation_gate_not_ready; internal_sourcing_hold","Support eponges evier ventouse"
