session_order;top3_rank;product_id;product_name;category_id;role;expected_file_name;expected_target_path;deposit_folder;instruction_path;status
1;1;integration_articles_20260612_housse-protection-canape-animal;Housse protection canape animal;dropshipping-maison;main;housse-protection-canape-animal-partenaire-hold-main.webp;business-maxi-trouvailles/depots-images-exactes/integration-articles/20260612/housse-protection-canape-animal-partenaire-hold/housse-protection-canape-animal-partenaire-hold-main.webp;business-maxi-trouvailles/depots-images-exactes/integration-articles/20260612/housse-protection-canape-animal-partenaire-hold;business-maxi-trouvailles/depots-images-exactes/integration-articles/20260612/housse-protection-canape-animal-partenaire-hold/A_DEPOSER_TOP3_WEBP_housse-protection-canape-animal-partenaire-hold_20260612.md;HOLD_WAITING_EXACT_WEBP_DEPOSIT
2;1;integration_articles_20260612_housse-protection-canape-animal;Housse protection canape animal;dropshipping-maison;detail;housse-protection-canape-animal-partenaire-hold-detail-1.webp;business-maxi-trouvailles/depots-images-exactes/integration-articles/20260612/housse-protection-canape-animal-partenaire-hold/housse-protection-canape-animal-partenaire-hold-detail-1.webp;business-maxi-trouvailles/depots-images-exactes/integration-articles/20260612/housse-protection-canape-animal-partenaire-hold;business-maxi-trouvailles/depots-images-exactes/integration-articles/20260612/housse-protection-canape-animal-partenaire-hold/A_DEPOSER_TOP3_WEBP_housse-protection-canape-animal-partenaire-hold_20260612.md;HOLD_WAITING_EXACT_WEBP_DEPOSIT
3;1;integration_articles_20260612_housse-protection-canape-animal;Housse protection canape animal;dropshipping-maison;variant;housse-protection-canape-animal-partenaire-hold-variant.webp;business-maxi-trouvailles/depots-images-exactes/integration-articles/20260612/housse-protection-canape-animal-partenaire-hold/housse-protection-canape-animal-partenaire-hold-variant.webp;business-maxi-trouvailles/depots-images-exactes/integration-articles/20260612/housse-protection-canape-animal-partenaire-hold;business-maxi-trouvailles/depots-images-exactes/integration-articles/20260612/housse-protection-canape-animal-partenaire-hold/A_DEPOSER_TOP3_WEBP_housse-protection-canape-animal-partenaire-hold_20260612.md;HOLD_WAITING_EXACT_WEBP_DEPOSIT
4;2;integration_articles_20260612_cable-organizer-boite-multiprise;Cache multiprise boite rangement cables;dropshipping-accessoires;main;cache-multiprise-boite-rangement-cables-partenaire-hold-main.webp;business-maxi-trouvailles/depots-images-exactes/integration-articles/20260612/cache-multiprise-boite-rangement-cables-partenaire-hold/cache-multiprise-boite-rangement-cables-partenaire-hold-main.webp;business-maxi-trouvailles/depots-images-exactes/integration-articles/20260612/cache-multiprise-boite-rangement-cables-partenaire-hold;business-maxi-trouvailles/depots-images-exactes/integration-articles/20260612/cache-multiprise-boite-rangement-cables-partenaire-hold/A_DEPOSER_TOP3_WEBP_cache-multiprise-boite-rangement-cables-partenaire-hold_20260612.md;HOLD_WAITING_EXACT_WEBP_DEPOSIT
5;2;integration_articles_20260612_cable-organizer-boite-multiprise;Cache multiprise boite rangement cables;dropshipping-accessoires;detail;cache-multiprise-boite-rangement-cables-partenaire-hold-detail-1.webp;business-maxi-trouvailles/depots-images-exactes/integration-articles/20260612/cache-multiprise-boite-rangement-cables-partenaire-hold/cache-multiprise-boite-rangement-cables-partenaire-hold-detail-1.webp;business-maxi-trouvailles/depots-images-exactes/integration-articles/20260612/cache-multiprise-boite-rangement-cables-partenaire-hold;business-maxi-trouvailles/depots-images-exactes/integration-articles/20260612/cache-multiprise-boite-rangement-cables-partenaire-hold/A_DEPOSER_TOP3_WEBP_cache-multiprise-boite-rangement-cables-partenaire-hold_20260612.md;HOLD_WAITING_EXACT_WEBP_DEPOSIT
6;2;integration_articles_20260612_cable-organizer-boite-multiprise;Cache multiprise boite rangement cables;dropshipping-accessoires;variant;cache-multiprise-boite-rangement-cables-partenaire-hold-variant.webp;business-maxi-trouvailles/depots-images-exactes/integration-articles/20260612/cache-multiprise-boite-rangement-cables-partenaire-hold/cache-multiprise-boite-rangement-cables-partenaire-hold-variant.webp;business-maxi-trouvailles/depots-images-exactes/integration-articles/20260612/cache-multiprise-boite-rangement-cables-partenaire-hold;business-maxi-trouvailles/depots-images-exactes/integration-articles/20260612/cache-multiprise-boite-rangement-cables-partenaire-hold/A_DEPOSER_TOP3_WEBP_cache-multiprise-boite-rangement-cables-partenaire-hold_20260612.md;HOLD_WAITING_EXACT_WEBP_DEPOSIT
7;3;integration_articles_20260612_trousse-toilette-suspendue-voyage;Trousse toilette suspendue voyage;dropshipping-accessoires;main;trousse-toilette-suspendue-voyage-partenaire-hold-main.webp;business-maxi-trouvailles/depots-images-exactes/integration-articles/20260612/trousse-toilette-suspendue-voyage-partenaire-hold/trousse-toilette-suspendue-voyage-partenaire-hold-main.webp;business-maxi-trouvailles/depots-images-exactes/integration-articles/20260612/trousse-toilette-suspendue-voyage-partenaire-hold;business-maxi-trouvailles/depots-images-exactes/integration-articles/20260612/trousse-toilette-suspendue-voyage-partenaire-hold/A_DEPOSER_TOP3_WEBP_trousse-toilette-suspendue-voyage-partenaire-hold_20260612.md;HOLD_WAITING_EXACT_WEBP_DEPOSIT
8;3;integration_articles_20260612_trousse-toilette-suspendue-voyage;Trousse toilette suspendue voyage;dropshipping-accessoires;detail;trousse-toilette-suspendue-voyage-partenaire-hold-detail-1.webp;business-maxi-trouvailles/depots-images-exactes/integration-articles/20260612/trousse-toilette-suspendue-voyage-partenaire-hold/trousse-toilette-suspendue-voyage-partenaire-hold-detail-1.webp;business-maxi-trouvailles/depots-images-exactes/integration-articles/20260612/trousse-toilette-suspendue-voyage-partenaire-hold;business-maxi-trouvailles/depots-images-exactes/integration-articles/20260612/trousse-toilette-suspendue-voyage-partenaire-hold/A_DEPOSER_TOP3_WEBP_trousse-toilette-suspendue-voyage-partenaire-hold_20260612.md;HOLD_WAITING_EXACT_WEBP_DEPOSIT
9;3;integration_articles_20260612_trousse-toilette-suspendue-voyage;Trousse toilette suspendue voyage;dropshipping-accessoires;variant;trousse-toilette-suspendue-voyage-partenaire-hold-variant.webp;business-maxi-trouvailles/depots-images-exactes/integration-articles/20260612/trousse-toilette-suspendue-voyage-partenaire-hold/trousse-toilette-suspendue-voyage-partenaire-hold-variant.webp;business-maxi-trouvailles/depots-images-exactes/integration-articles/20260612/trousse-toilette-suspendue-voyage-partenaire-hold;business-maxi-trouvailles/depots-images-exactes/integration-articles/20260612/trousse-toilette-suspendue-voyage-partenaire-hold/A_DEPOSER_TOP3_WEBP_trousse-toilette-suspendue-voyage-partenaire-hold_20260612.md;HOLD_WAITING_EXACT_WEBP_DEPOSIT
